{"cameraMode":{"drawMode":0,"name":"Shaded","section":"Shading Mode"},"sceneLighting":false,"audioPlay":false,"sceneViewState":{"showFog":true,"showMaterialUpdate":true,"showSkybox":false,"showFlares":true,"showImageEffects":true,"showParticleSystems":true},"in2DMode":false,"pivot":{"x":-0.2306365966796875,"y":7.62158203125,"z":-0.3013124465942383},"rotation":{"x":0.17815059423446656,"y":-0.15836530923843385,"z":0.029062634333968164,"w":0.9707452654838562},"size":45.36769104003906,"orthographic":false}