{"cameraMode":{"drawMode":0,"name":"Shaded","section":"Shading Mode"},"sceneLighting":false,"audioPlay":false,"sceneViewState":{"showFog":true,"showMaterialUpdate":true,"showSkybox":false,"showFlares":true,"showImageEffects":true,"showParticleSystems":true},"in2DMode":false,"pivot":{"x":9.372330665588379,"y":-5.740373611450195,"z":-23.59030532836914},"rotation":{"x":0.023634904995560647,"y":-0.966530442237854,"z":0.23652566969394685,"w":0.0965682864189148},"size":35.31321716308594,"orthographic":false}