{"cameraMode":{"drawMode":0,"name":"Shaded","section":"Shading Mode"},"sceneLighting":true,"audioPlay":false,"sceneViewState":{"showFog":true,"showMaterialUpdate":true,"showSkybox":true,"showFlares":true,"showImageEffects":true,"showParticleSystems":true},"in2DMode":false,"pivot":{"x":171.52328491210938,"y":9.69095230102539,"z":549.4456176757813},"rotation":{"x":0.1914752572774887,"y":-0.7361490726470947,"z":0.23256585001945496,"w":0.6060817837715149},"size":31.794828414916993,"orthographic":false}